{
  "test_acc": 0.7205022114424312,
  "test_macro_f1": 0.7017918363589115,
  "best_val_macro_f1": 0.6616155186959448,
  "n_params": 6089
}